"id"	"english"	"translation"	"status"	"notes"	"source_file"	"line"	"room"	"property"
"room.WEST-OF-HOUSE.DESC"	"West of House"	"West of House"	"source"	"原文表示"	"1dungeon.zil"	"1241"	"WEST-OF-HOUSE"	"DESC"
"room.WEST-OF-HOUSE.EAST"	"The door is boarded and you can't remove the boards."	"The door is boarded and you can't remove the boards."	"source"	"原文表示"	"1dungeon.zil"	"1247"	"WEST-OF-HOUSE"	"EAST"
"room.STONE-BARROW.LDESC"	"You are standing in front of a massive barrow of stone. In the east face\nis a huge stone door which is open. You cannot see into the dark of the tomb."	"You are standing in front of a massive barrow of stone. In the east face\nis a huge stone door which is open. You cannot see into the dark of the tomb."	"source"	"原文表示"	"1dungeon.zil"	"1257"	"STONE-BARROW"	"LDESC"
"room.STONE-BARROW.DESC"	"Stone Barrow"	"Stone Barrow"	"source"	"原文表示"	"1dungeon.zil"	"1259"	"STONE-BARROW"	"DESC"
"room.NORTH-OF-HOUSE.LDESC"	"You are facing the north side of a white house. There is no door here,\nand all the windows are boarded up. To the north a narrow path winds through\nthe trees."	"You are facing the north side of a white house. There is no door here,\nand all the windows are boarded up. To the north a narrow path winds through\nthe trees."	"source"	"原文表示"	"1dungeon.zil"	"1267"	"NORTH-OF-HOUSE"	"LDESC"
"room.NORTH-OF-HOUSE.DESC"	"North of House"	"North of House"	"source"	"原文表示"	"1dungeon.zil"	"1270"	"NORTH-OF-HOUSE"	"DESC"
"room.NORTH-OF-HOUSE.SOUTH"	"The windows are all boarded."	"The windows are all boarded."	"source"	"原文表示"	"1dungeon.zil"	"1276"	"NORTH-OF-HOUSE"	"SOUTH"
"room.SOUTH-OF-HOUSE.LDESC"	"You are facing the south side of a white house. There is no door here,\nand all the windows are boarded."	"You are facing the south side of a white house. There is no door here,\nand all the windows are boarded."	"source"	"原文表示"	"1dungeon.zil"	"1283"	"SOUTH-OF-HOUSE"	"LDESC"
"room.SOUTH-OF-HOUSE.DESC"	"South of House"	"South of House"	"source"	"原文表示"	"1dungeon.zil"	"1285"	"SOUTH-OF-HOUSE"	"DESC"
"room.SOUTH-OF-HOUSE.NORTH"	"The windows are all boarded."	"The windows are all boarded."	"source"	"原文表示"	"1dungeon.zil"	"1291"	"SOUTH-OF-HOUSE"	"NORTH"
"room.EAST-OF-HOUSE.DESC"	"Behind House"	"Behind House"	"source"	"原文表示"	"1dungeon.zil"	"1297"	"EAST-OF-HOUSE"	"DESC"
"room.FOREST-1.LDESC"	"This is a forest, with trees in all directions. To the east,\nthere appears to be sunlight."	"This is a forest, with trees in all directions. To the east,\nthere appears to be sunlight."	"source"	"原文表示"	"1dungeon.zil"	"1312"	"FOREST-1"	"LDESC"
"room.FOREST-1.DESC"	"Forest"	"Forest"	"source"	"原文表示"	"1dungeon.zil"	"1314"	"FOREST-1"	"DESC"
"room.FOREST-1.UP"	"There is no tree here suitable for climbing."	"There is no tree here suitable for climbing."	"source"	"原文表示"	"1dungeon.zil"	"1315"	"FOREST-1"	"UP"
"room.FOREST-1.WEST"	"You would need a machete to go further west."	"You would need a machete to go further west."	"source"	"原文表示"	"1dungeon.zil"	"1319"	"FOREST-1"	"WEST"
"room.FOREST-2.LDESC"	"This is a dimly lit forest, with large trees all around."	"This is a dimly lit forest, with large trees all around."	"source"	"原文表示"	"1dungeon.zil"	"1326"	"FOREST-2"	"LDESC"
"room.FOREST-2.DESC"	"Forest"	"Forest"	"source"	"原文表示"	"1dungeon.zil"	"1327"	"FOREST-2"	"DESC"
"room.FOREST-2.UP"	"There is no tree here suitable for climbing."	"There is no tree here suitable for climbing."	"source"	"原文表示"	"1dungeon.zil"	"1328"	"FOREST-2"	"UP"
"room.FOREST-2.NORTH"	"The forest becomes impenetrable to the north."	"The forest becomes impenetrable to the north."	"source"	"原文表示"	"1dungeon.zil"	"1329"	"FOREST-2"	"NORTH"
"room.MOUNTAINS.LDESC"	"The forest thins out, revealing impassable mountains."	"The forest thins out, revealing impassable mountains."	"source"	"原文表示"	"1dungeon.zil"	"1339"	"MOUNTAINS"	"LDESC"
"room.MOUNTAINS.DESC"	"Forest"	"Forest"	"source"	"原文表示"	"1dungeon.zil"	"1340"	"MOUNTAINS"	"DESC"
"room.MOUNTAINS.UP"	"The mountains are impassable."	"The mountains are impassable."	"source"	"原文表示"	"1dungeon.zil"	"1341"	"MOUNTAINS"	"UP"
"room.MOUNTAINS.EAST"	"The mountains are impassable."	"The mountains are impassable."	"source"	"原文表示"	"1dungeon.zil"	"1343"	"MOUNTAINS"	"EAST"
"room.FOREST-3.LDESC"	"This is a dimly lit forest, with large trees all around."	"This is a dimly lit forest, with large trees all around."	"source"	"原文表示"	"1dungeon.zil"	"1351"	"FOREST-3"	"LDESC"
"room.FOREST-3.DESC"	"Forest"	"Forest"	"source"	"原文表示"	"1dungeon.zil"	"1352"	"FOREST-3"	"DESC"
"room.FOREST-3.UP"	"There is no tree here suitable for climbing."	"There is no tree here suitable for climbing."	"source"	"原文表示"	"1dungeon.zil"	"1353"	"FOREST-3"	"UP"
"room.FOREST-3.EAST"	"The rank undergrowth prevents eastward movement."	"The rank undergrowth prevents eastward movement."	"source"	"原文表示"	"1dungeon.zil"	"1355"	"FOREST-3"	"EAST"
"room.FOREST-3.SOUTH"	"Storm-tossed trees block your way."	"Storm-tossed trees block your way."	"source"	"原文表示"	"1dungeon.zil"	"1356"	"FOREST-3"	"SOUTH"
"room.PATH.LDESC"	"This is a path winding through a dimly lit forest. The path heads\nnorth-south here. One particularly large tree with some low branches\nstands at the edge of the path."	"This is a path winding through a dimly lit forest. The path heads\nnorth-south here. One particularly large tree with some low branches\nstands at the edge of the path."	"source"	"原文表示"	"1dungeon.zil"	"1366"	"PATH"	"LDESC"
"room.PATH.DESC"	"Forest Path"	"Forest Path"	"source"	"原文表示"	"1dungeon.zil"	"1369"	"PATH"	"DESC"
"room.UP-A-TREE.DESC"	"Up a Tree"	"Up a Tree"	"source"	"原文表示"	"1dungeon.zil"	"1381"	"UP-A-TREE"	"DESC"
"room.UP-A-TREE.UP"	"You cannot climb any higher."	"You cannot climb any higher."	"source"	"原文表示"	"1dungeon.zil"	"1383"	"UP-A-TREE"	"UP"
"room.GRATING-CLEARING.DESC"	"Clearing"	"Clearing"	"source"	"原文表示"	"1dungeon.zil"	"1390"	"GRATING-CLEARING"	"DESC"
"room.GRATING-CLEARING.NORTH"	"The forest becomes impenetrable to the north."	"The forest becomes impenetrable to the north."	"source"	"原文表示"	"1dungeon.zil"	"1391"	"GRATING-CLEARING"	"NORTH"
"room.CLEARING.LDESC"	"You are in a small clearing in a well marked forest path that\nextends to the east and west."	"You are in a small clearing in a well marked forest path that\nextends to the east and west."	"source"	"原文表示"	"1dungeon.zil"	"1413"	"CLEARING"	"LDESC"
"room.CLEARING.DESC"	"Clearing"	"Clearing"	"source"	"原文表示"	"1dungeon.zil"	"1415"	"CLEARING"	"DESC"
"room.CLEARING.UP"	"There is no tree here suitable for climbing."	"There is no tree here suitable for climbing."	"source"	"原文表示"	"1dungeon.zil"	"1416"	"CLEARING"	"UP"
"room.KITCHEN.DESC"	"Kitchen"	"Kitchen"	"source"	"原文表示"	"1dungeon.zil"	"1431"	"KITCHEN"	"DESC"
"room.KITCHEN.DOWN"	"Only Santa Claus climbs down chimneys."	"Only Santa Claus climbs down chimneys."	"source"	"原文表示"	"1dungeon.zil"	"1437"	"KITCHEN"	"DOWN"
"room.ATTIC.LDESC"	"This is the attic. The only exit is a stairway leading down."	"This is the attic. The only exit is a stairway leading down."	"source"	"原文表示"	"1dungeon.zil"	"1445"	"ATTIC"	"LDESC"
"room.ATTIC.DESC"	"Attic"	"Attic"	"source"	"原文表示"	"1dungeon.zil"	"1446"	"ATTIC"	"DESC"
"room.LIVING-ROOM.DESC"	"Living Room"	"Living Room"	"source"	"原文表示"	"1dungeon.zil"	"1453"	"LIVING-ROOM"	"DESC"
"room.LIVING-ROOM.WEST"	"The door is nailed shut."	"The door is nailed shut."	"source"	"原文表示"	"1dungeon.zil"	"1455"	"LIVING-ROOM"	"WEST"
"room.CELLAR.DESC"	"Cellar"	"Cellar"	"source"	"原文表示"	"1dungeon.zil"	"1468"	"CELLAR"	"DESC"
"room.CELLAR.WEST"	"You try to ascend the ramp, but it is impossible, and you slide back down."	"You try to ascend the ramp, but it is impossible, and you slide back down."	"source"	"原文表示"	"1dungeon.zil"	"1473"	"CELLAR"	"WEST"
"room.TROLL-ROOM.LDESC"	"This is a small room with passages to the east and south and a\nforbidding hole leading west. Bloodstains and deep scratches\n(perhaps made by an axe) mar the walls."	"This is a small room with passages to the east and south and a\nforbidding hole leading west. Bloodstains and deep scratches\n(perhaps made by an axe) mar the walls."	"source"	"原文表示"	"1dungeon.zil"	"1482"	"TROLL-ROOM"	"LDESC"
"room.TROLL-ROOM.DESC"	"The Troll Room"	"The Troll Room"	"source"	"原文表示"	"1dungeon.zil"	"1485"	"TROLL-ROOM"	"DESC"
"room.TROLL-ROOM.EAST"	"The troll fends you off with a menacing gesture."	"The troll fends you off with a menacing gesture."	"source"	"原文表示"	"1dungeon.zil"	"1488"	"TROLL-ROOM"	"EAST"
"room.TROLL-ROOM.WEST"	"The troll fends you off with a menacing gesture."	"The troll fends you off with a menacing gesture."	"source"	"原文表示"	"1dungeon.zil"	"1490"	"TROLL-ROOM"	"WEST"
"room.EAST-OF-CHASM.LDESC"	"You are on the east edge of a chasm, the bottom of which cannot be\nseen. A narrow passage goes north, and the path you are on continues\nto the east."	"You are on the east edge of a chasm, the bottom of which cannot be\nseen. A narrow passage goes north, and the path you are on continues\nto the east."	"source"	"原文表示"	"1dungeon.zil"	"1497"	"EAST-OF-CHASM"	"LDESC"
"room.EAST-OF-CHASM.DESC"	"East of Chasm"	"East of Chasm"	"source"	"原文表示"	"1dungeon.zil"	"1500"	"EAST-OF-CHASM"	"DESC"
"room.EAST-OF-CHASM.DOWN"	"The chasm probably leads straight to the infernal regions."	"The chasm probably leads straight to the infernal regions."	"source"	"原文表示"	"1dungeon.zil"	"1503"	"EAST-OF-CHASM"	"DOWN"
"room.GALLERY.LDESC"	"This is an art gallery. Most of the paintings have been stolen by\nvandals with exceptional taste. The vandals left through either the\nnorth or west exits."	"This is an art gallery. Most of the paintings have been stolen by\nvandals with exceptional taste. The vandals left through either the\nnorth or west exits."	"source"	"原文表示"	"1dungeon.zil"	"1510"	"GALLERY"	"LDESC"
"room.GALLERY.DESC"	"Gallery"	"Gallery"	"source"	"原文表示"	"1dungeon.zil"	"1513"	"GALLERY"	"DESC"
"room.STUDIO.LDESC"	"This appears to have been an artist's studio. The walls and floors are\nsplattered with paints of 69 different colors. Strangely enough, nothing\nof value is hanging here. At the south end of the room is an open door\n(also covered with paint). A dark and narrow chimney leads up from a\nfireplace; although you might be able to get up it, it seems unlikely\nyou could get back down."	"This appears to have been an artist's studio. The walls and floors are\nsplattered with paints of 69 different colors. Strangely enough, nothing\nof value is hanging here. At the south end of the room is an open door\n(also covered with paint). A dark and narrow chimney leads up from a\nfireplace; although you might be able to get up it, it seems unlikely\nyou could get back down."	"source"	"原文表示"	"1dungeon.zil"	"1521"	"STUDIO"	"LDESC"
"room.STUDIO.DESC"	"Studio"	"Studio"	"source"	"原文表示"	"1dungeon.zil"	"1527"	"STUDIO"	"DESC"
"room.MAZE-1.LDESC"	"This is part of a maze of twisty little passages, all alike."	"This is part of a maze of twisty little passages, all alike."	"source"	"原文表示"	"1dungeon.zil"	"1540"	"MAZE-1"	"LDESC"
"room.MAZE-1.DESC"	"Maze"	"Maze"	"source"	"原文表示"	"1dungeon.zil"	"1541"	"MAZE-1"	"DESC"
"room.MAZE-2.LDESC"	"This is part of a maze of twisty little passages, all alike."	"This is part of a maze of twisty little passages, all alike."	"source"	"原文表示"	"1dungeon.zil"	"1550"	"MAZE-2"	"LDESC"
"room.MAZE-2.DESC"	"Maze"	"Maze"	"source"	"原文表示"	"1dungeon.zil"	"1551"	"MAZE-2"	"DESC"
"room.MAZE-3.LDESC"	"This is part of a maze of twisty little passages, all alike."	"This is part of a maze of twisty little passages, all alike."	"source"	"原文表示"	"1dungeon.zil"	"1559"	"MAZE-3"	"LDESC"
"room.MAZE-3.DESC"	"Maze"	"Maze"	"source"	"原文表示"	"1dungeon.zil"	"1560"	"MAZE-3"	"DESC"
"room.MAZE-4.LDESC"	"This is part of a maze of twisty little passages, all alike."	"This is part of a maze of twisty little passages, all alike."	"source"	"原文表示"	"1dungeon.zil"	"1568"	"MAZE-4"	"LDESC"
"room.MAZE-4.DESC"	"Maze"	"Maze"	"source"	"原文表示"	"1dungeon.zil"	"1569"	"MAZE-4"	"DESC"
"room.DEAD-END-1.DESC"	"Dead End"	"Dead End"	"source"	"原文表示"	"1dungeon.zil"	"1577"	"DEAD-END-1"	"DESC"
"room.DEAD-END-1.LDESC"	"You have come to a dead end in the maze."	"You have come to a dead end in the maze."	"source"	"原文表示"	"1dungeon.zil"	"1578"	"DEAD-END-1"	"LDESC"
"room.MAZE-5.LDESC"	"This is part of a maze of twisty little passages, all alike.\nA skeleton, probably the remains of a luckless adventurer, lies here."	"This is part of a maze of twisty little passages, all alike.\nA skeleton, probably the remains of a luckless adventurer, lies here."	"source"	"原文表示"	"1dungeon.zil"	"1584"	"MAZE-5"	"LDESC"
"room.MAZE-5.DESC"	"Maze"	"Maze"	"source"	"原文表示"	"1dungeon.zil"	"1586"	"MAZE-5"	"DESC"
"room.DEAD-END-2.DESC"	"Dead End"	"Dead End"	"source"	"原文表示"	"1dungeon.zil"	"1594"	"DEAD-END-2"	"DESC"
"room.DEAD-END-2.LDESC"	"You have come to a dead end in the maze."	"You have come to a dead end in the maze."	"source"	"原文表示"	"1dungeon.zil"	"1595"	"DEAD-END-2"	"LDESC"
"room.MAZE-6.LDESC"	"This is part of a maze of twisty little passages, all alike."	"This is part of a maze of twisty little passages, all alike."	"source"	"原文表示"	"1dungeon.zil"	"1601"	"MAZE-6"	"LDESC"
"room.MAZE-6.DESC"	"Maze"	"Maze"	"source"	"原文表示"	"1dungeon.zil"	"1602"	"MAZE-6"	"DESC"
"room.MAZE-7.LDESC"	"This is part of a maze of twisty little passages, all alike."	"This is part of a maze of twisty little passages, all alike."	"source"	"原文表示"	"1dungeon.zil"	"1611"	"MAZE-7"	"LDESC"
"room.MAZE-7.DESC"	"Maze"	"Maze"	"source"	"原文表示"	"1dungeon.zil"	"1612"	"MAZE-7"	"DESC"
"room.MAZE-8.LDESC"	"This is part of a maze of twisty little passages, all alike."	"This is part of a maze of twisty little passages, all alike."	"source"	"原文表示"	"1dungeon.zil"	"1622"	"MAZE-8"	"LDESC"
"room.MAZE-8.DESC"	"Maze"	"Maze"	"source"	"原文表示"	"1dungeon.zil"	"1623"	"MAZE-8"	"DESC"
"room.DEAD-END-3.DESC"	"Dead End"	"Dead End"	"source"	"原文表示"	"1dungeon.zil"	"1631"	"DEAD-END-3"	"DESC"
"room.DEAD-END-3.LDESC"	"You have come to a dead end in the maze."	"You have come to a dead end in the maze."	"source"	"原文表示"	"1dungeon.zil"	"1632"	"DEAD-END-3"	"LDESC"
"room.MAZE-9.LDESC"	"This is part of a maze of twisty little passages, all alike."	"This is part of a maze of twisty little passages, all alike."	"source"	"原文表示"	"1dungeon.zil"	"1638"	"MAZE-9"	"LDESC"
"room.MAZE-9.DESC"	"Maze"	"Maze"	"source"	"原文表示"	"1dungeon.zil"	"1639"	"MAZE-9"	"DESC"
"room.MAZE-10.LDESC"	"This is part of a maze of twisty little passages, all alike."	"This is part of a maze of twisty little passages, all alike."	"source"	"原文表示"	"1dungeon.zil"	"1650"	"MAZE-10"	"LDESC"
"room.MAZE-10.DESC"	"Maze"	"Maze"	"source"	"原文表示"	"1dungeon.zil"	"1651"	"MAZE-10"	"DESC"
"room.MAZE-11.LDESC"	"This is part of a maze of twisty little passages, all alike."	"This is part of a maze of twisty little passages, all alike."	"source"	"原文表示"	"1dungeon.zil"	"1659"	"MAZE-11"	"LDESC"
"room.MAZE-11.DESC"	"Maze"	"Maze"	"source"	"原文表示"	"1dungeon.zil"	"1660"	"MAZE-11"	"DESC"
"room.GRATING-ROOM.DESC"	"Grating Room"	"Grating Room"	"source"	"原文表示"	"1dungeon.zil"	"1669"	"GRATING-ROOM"	"DESC"
"room.GRATING-ROOM.UP"	"The grating is closed."	"The grating is closed."	"source"	"原文表示"	"1dungeon.zil"	"1672"	"GRATING-ROOM"	"UP"
"room.MAZE-12.LDESC"	"This is part of a maze of twisty little passages, all alike."	"This is part of a maze of twisty little passages, all alike."	"source"	"原文表示"	"1dungeon.zil"	"1679"	"MAZE-12"	"LDESC"
"room.MAZE-12.DESC"	"Maze"	"Maze"	"source"	"原文表示"	"1dungeon.zil"	"1680"	"MAZE-12"	"DESC"
"room.DEAD-END-4.DESC"	"Dead End"	"Dead End"	"source"	"原文表示"	"1dungeon.zil"	"1690"	"DEAD-END-4"	"DESC"
"room.DEAD-END-4.LDESC"	"You have come to a dead end in the maze."	"You have come to a dead end in the maze."	"source"	"原文表示"	"1dungeon.zil"	"1691"	"DEAD-END-4"	"LDESC"
"room.MAZE-13.LDESC"	"This is part of a maze of twisty little passages, all alike."	"This is part of a maze of twisty little passages, all alike."	"source"	"原文表示"	"1dungeon.zil"	"1697"	"MAZE-13"	"LDESC"
"room.MAZE-13.DESC"	"Maze"	"Maze"	"source"	"原文表示"	"1dungeon.zil"	"1698"	"MAZE-13"	"DESC"
"room.MAZE-14.LDESC"	"This is part of a maze of twisty little passages, all alike."	"This is part of a maze of twisty little passages, all alike."	"source"	"原文表示"	"1dungeon.zil"	"1707"	"MAZE-14"	"LDESC"
"room.MAZE-14.DESC"	"Maze"	"Maze"	"source"	"原文表示"	"1dungeon.zil"	"1708"	"MAZE-14"	"DESC"
"room.MAZE-15.LDESC"	"This is part of a maze of twisty little passages, all alike."	"This is part of a maze of twisty little passages, all alike."	"source"	"原文表示"	"1dungeon.zil"	"1717"	"MAZE-15"	"LDESC"
"room.MAZE-15.DESC"	"Maze"	"Maze"	"source"	"原文表示"	"1dungeon.zil"	"1718"	"MAZE-15"	"DESC"
"room.CYCLOPS-ROOM.DESC"	"Cyclops Room"	"Cyclops Room"	"source"	"原文表示"	"1dungeon.zil"	"1730"	"CYCLOPS-ROOM"	"DESC"
"room.CYCLOPS-ROOM.EAST"	"The east wall is solid rock."	"The east wall is solid rock."	"source"	"原文表示"	"1dungeon.zil"	"1733"	"CYCLOPS-ROOM"	"EAST"
"room.CYCLOPS-ROOM.UP"	"The cyclops doesn't look like he'll let you past."	"The cyclops doesn't look like he'll let you past."	"source"	"原文表示"	"1dungeon.zil"	"1735"	"CYCLOPS-ROOM"	"UP"
"room.STRANGE-PASSAGE.LDESC"	"This is a long passage. To the west is one entrance. On the\neast there is an old wooden door, with a large opening in it (about\ncyclops sized)."	"This is a long passage. To the west is one entrance. On the\neast there is an old wooden door, with a large opening in it (about\ncyclops sized)."	"source"	"原文表示"	"1dungeon.zil"	"1743"	"STRANGE-PASSAGE"	"LDESC"
"room.STRANGE-PASSAGE.DESC"	"Strange Passage"	"Strange Passage"	"source"	"原文表示"	"1dungeon.zil"	"1746"	"STRANGE-PASSAGE"	"DESC"
"room.TREASURE-ROOM.LDESC"	"This is a large room, whose east wall is solid granite. A number\nof discarded bags, which crumble at your touch, are scattered about\non the floor. There is an exit down a staircase."	"This is a large room, whose east wall is solid granite. A number\nof discarded bags, which crumble at your touch, are scattered about\non the floor. There is an exit down a staircase."	"source"	"原文表示"	"1dungeon.zil"	"1755"	"TREASURE-ROOM"	"LDESC"
"room.TREASURE-ROOM.DESC"	"Treasure Room"	"Treasure Room"	"source"	"原文表示"	"1dungeon.zil"	"1758"	"TREASURE-ROOM"	"DESC"
"room.RESERVOIR-SOUTH.DESC"	"Reservoir South"	"Reservoir South"	"source"	"原文表示"	"1dungeon.zil"	"1771"	"RESERVOIR-SOUTH"	"DESC"
"room.RESERVOIR-SOUTH.NORTH"	"You would drown."	"You would drown."	"source"	"原文表示"	"1dungeon.zil"	"1777"	"RESERVOIR-SOUTH"	"NORTH"
"room.RESERVOIR.DESC"	"Reservoir"	"Reservoir"	"source"	"原文表示"	"1dungeon.zil"	"1785"	"RESERVOIR"	"DESC"
"room.RESERVOIR.DOWN"	"The dam blocks your way."	"The dam blocks your way."	"source"	"原文表示"	"1dungeon.zil"	"1790"	"RESERVOIR"	"DOWN"
"room.RESERVOIR-NORTH.DESC"	"Reservoir North"	"Reservoir North"	"source"	"原文表示"	"1dungeon.zil"	"1798"	"RESERVOIR-NORTH"	"DESC"
"room.RESERVOIR-NORTH.SOUTH"	"You would drown."	"You would drown."	"source"	"原文表示"	"1dungeon.zil"	"1801"	"RESERVOIR-NORTH"	"SOUTH"
"room.STREAM-VIEW.LDESC"	"You are standing on a path beside a gently flowing stream. The path\nfollows the stream, which flows from west to east."	"You are standing on a path beside a gently flowing stream. The path\nfollows the stream, which flows from west to east."	"source"	"原文表示"	"1dungeon.zil"	"1810"	"STREAM-VIEW"	"LDESC"
"room.STREAM-VIEW.DESC"	"Stream View"	"Stream View"	"source"	"原文表示"	"1dungeon.zil"	"1812"	"STREAM-VIEW"	"DESC"
"room.STREAM-VIEW.WEST"	"The stream emerges from a spot too small for you to enter."	"The stream emerges from a spot too small for you to enter."	"source"	"原文表示"	"1dungeon.zil"	"1814"	"STREAM-VIEW"	"WEST"
"room.IN-STREAM.LDESC"	"You are on the gently flowing stream. The upstream route is too narrow\nto navigate, and the downstream route is invisible due to twisting\nwalls. There is a narrow beach to land on."	"You are on the gently flowing stream. The upstream route is too narrow\nto navigate, and the downstream route is invisible due to twisting\nwalls. There is a narrow beach to land on."	"source"	"原文表示"	"1dungeon.zil"	"1822"	"IN-STREAM"	"LDESC"
"room.IN-STREAM.DESC"	"Stream"	"Stream"	"source"	"原文表示"	"1dungeon.zil"	"1825"	"IN-STREAM"	"DESC"
"room.IN-STREAM.UP"	"The channel is too narrow."	"The channel is too narrow."	"source"	"原文表示"	"1dungeon.zil"	"1826"	"IN-STREAM"	"UP"
"room.IN-STREAM.WEST"	"The channel is too narrow."	"The channel is too narrow."	"source"	"原文表示"	"1dungeon.zil"	"1827"	"IN-STREAM"	"WEST"
"room.MIRROR-ROOM-1.DESC"	"Mirror Room"	"Mirror Room"	"source"	"原文表示"	"1dungeon.zil"	"1841"	"MIRROR-ROOM-1"	"DESC"
"room.MIRROR-ROOM-2.DESC"	"Mirror Room"	"Mirror Room"	"source"	"原文表示"	"1dungeon.zil"	"1850"	"MIRROR-ROOM-2"	"DESC"
"room.SMALL-CAVE.LDESC"	"This is a tiny cave with entrances west and north, and a staircase\nleading down."	"This is a tiny cave with entrances west and north, and a staircase\nleading down."	"source"	"原文表示"	"1dungeon.zil"	"1860"	"SMALL-CAVE"	"LDESC"
"room.SMALL-CAVE.DESC"	"Cave"	"Cave"	"source"	"原文表示"	"1dungeon.zil"	"1862"	"SMALL-CAVE"	"DESC"
"room.TINY-CAVE.LDESC"	"This is a tiny cave with entrances west and north, and a dark,\nforbidding staircase leading down."	"This is a tiny cave with entrances west and north, and a dark,\nforbidding staircase leading down."	"source"	"原文表示"	"1dungeon.zil"	"1873"	"TINY-CAVE"	"LDESC"
"room.TINY-CAVE.DESC"	"Cave"	"Cave"	"source"	"原文表示"	"1dungeon.zil"	"1875"	"TINY-CAVE"	"DESC"
"room.COLD-PASSAGE.LDESC"	"This is a cold and damp corridor where a long east-west passageway\nturns into a southward path."	"This is a cold and damp corridor where a long east-west passageway\nturns into a southward path."	"source"	"原文表示"	"1dungeon.zil"	"1886"	"COLD-PASSAGE"	"LDESC"
"room.COLD-PASSAGE.DESC"	"Cold Passage"	"Cold Passage"	"source"	"原文表示"	"1dungeon.zil"	"1888"	"COLD-PASSAGE"	"DESC"
"room.NARROW-PASSAGE.LDESC"	"This is a long and narrow corridor where a long north-south passageway\nbriefly narrows even further."	"This is a long and narrow corridor where a long north-south passageway\nbriefly narrows even further."	"source"	"原文表示"	"1dungeon.zil"	"1896"	"NARROW-PASSAGE"	"LDESC"
"room.NARROW-PASSAGE.DESC"	"Narrow Passage"	"Narrow Passage"	"source"	"原文表示"	"1dungeon.zil"	"1898"	"NARROW-PASSAGE"	"DESC"
"room.WINDING-PASSAGE.LDESC"	"This is a winding passage. It seems that there are only exits\non the east and north."	"This is a winding passage. It seems that there are only exits\non the east and north."	"source"	"原文表示"	"1dungeon.zil"	"1906"	"WINDING-PASSAGE"	"LDESC"
"room.WINDING-PASSAGE.DESC"	"Winding Passage"	"Winding Passage"	"source"	"原文表示"	"1dungeon.zil"	"1908"	"WINDING-PASSAGE"	"DESC"
"room.TWISTING-PASSAGE.LDESC"	"This is a winding passage. It seems that there are only exits\non the east and north."	"This is a winding passage. It seems that there are only exits\non the east and north."	"source"	"原文表示"	"1dungeon.zil"	"1916"	"TWISTING-PASSAGE"	"LDESC"
"room.TWISTING-PASSAGE.DESC"	"Twisting Passage"	"Twisting Passage"	"source"	"原文表示"	"1dungeon.zil"	"1918"	"TWISTING-PASSAGE"	"DESC"
"room.ATLANTIS-ROOM.LDESC"	"This is an ancient room, long under water. There is an exit to\nthe south and a staircase leading up."	"This is an ancient room, long under water. There is an exit to\nthe south and a staircase leading up."	"source"	"原文表示"	"1dungeon.zil"	"1926"	"ATLANTIS-ROOM"	"LDESC"
"room.ATLANTIS-ROOM.DESC"	"Atlantis Room"	"Atlantis Room"	"source"	"原文表示"	"1dungeon.zil"	"1928"	"ATLANTIS-ROOM"	"DESC"
"room.EW-PASSAGE.LDESC"	"This is a narrow east-west passageway. There is a narrow stairway\nleading down at the north end of the room."	"This is a narrow east-west passageway. There is a narrow stairway\nleading down at the north end of the room."	"source"	"原文表示"	"1dungeon.zil"	"1941"	"EW-PASSAGE"	"LDESC"
"room.EW-PASSAGE.DESC"	"East-West Passage"	"East-West Passage"	"source"	"原文表示"	"1dungeon.zil"	"1943"	"EW-PASSAGE"	"DESC"
"room.ROUND-ROOM.LDESC"	"This is a circular stone room with passages in all directions. Several\nof them have unfortunately been blocked by cave-ins."	"This is a circular stone room with passages in all directions. Several\nof them have unfortunately been blocked by cave-ins."	"source"	"原文表示"	"1dungeon.zil"	"1955"	"ROUND-ROOM"	"LDESC"
"room.ROUND-ROOM.DESC"	"Round Room"	"Round Room"	"source"	"原文表示"	"1dungeon.zil"	"1957"	"ROUND-ROOM"	"DESC"
"room.DEEP-CANYON.DESC"	"Deep Canyon"	"Deep Canyon"	"source"	"原文表示"	"1dungeon.zil"	"1967"	"DEEP-CANYON"	"DESC"
"room.DAMP-CAVE.LDESC"	"This cave has exits to the west and east, and narrows to a crack toward\nthe south. The earth is particularly damp here."	"This cave has exits to the west and east, and narrows to a crack toward\nthe south. The earth is particularly damp here."	"source"	"原文表示"	"1dungeon.zil"	"1979"	"DAMP-CAVE"	"LDESC"
"room.DAMP-CAVE.DESC"	"Damp Cave"	"Damp Cave"	"source"	"原文表示"	"1dungeon.zil"	"1981"	"DAMP-CAVE"	"DESC"
"room.DAMP-CAVE.SOUTH"	"It is too narrow for most insects."	"It is too narrow for most insects."	"source"	"原文表示"	"1dungeon.zil"	"1984"	"DAMP-CAVE"	"SOUTH"
"room.LOUD-ROOM.DESC"	"Loud Room"	"Loud Room"	"source"	"原文表示"	"1dungeon.zil"	"1990"	"LOUD-ROOM"	"DESC"
"room.NS-PASSAGE.LDESC"	"This is a high north-south passage, which forks to the northeast."	"This is a high north-south passage, which forks to the northeast."	"source"	"原文表示"	"1dungeon.zil"	"2001"	"NS-PASSAGE"	"LDESC"
"room.NS-PASSAGE.DESC"	"North-South Passage"	"North-South Passage"	"source"	"原文表示"	"1dungeon.zil"	"2002"	"NS-PASSAGE"	"DESC"
"room.CHASM-ROOM.LDESC"	"A chasm runs southwest to northeast and the path follows it. You are\non the south side of the chasm, where a crack opens into a passage."	"A chasm runs southwest to northeast and the path follows it. You are\non the south side of the chasm, where a crack opens into a passage."	"source"	"原文表示"	"1dungeon.zil"	"2011"	"CHASM-ROOM"	"LDESC"
"room.CHASM-ROOM.DESC"	"Chasm"	"Chasm"	"source"	"原文表示"	"1dungeon.zil"	"2013"	"CHASM-ROOM"	"DESC"
"room.CHASM-ROOM.DOWN"	"Are you out of your mind?"	"Are you out of your mind?"	"source"	"原文表示"	"1dungeon.zil"	"2018"	"CHASM-ROOM"	"DOWN"
"room.ENTRANCE-TO-HADES.DESC"	"Entrance to Hades"	"Entrance to Hades"	"source"	"原文表示"	"1dungeon.zil"	"2029"	"ENTRANCE-TO-HADES"	"DESC"
"room.ENTRANCE-TO-HADES.IN"	"Some invisible force prevents you from passing through the gate."	"Some invisible force prevents you from passing through the gate."	"source"	"原文表示"	"1dungeon.zil"	"2032"	"ENTRANCE-TO-HADES"	"IN"
"room.ENTRANCE-TO-HADES.SOUTH"	"Some invisible force prevents you from passing through the gate."	"Some invisible force prevents you from passing through the gate."	"source"	"原文表示"	"1dungeon.zil"	"2034"	"ENTRANCE-TO-HADES"	"SOUTH"
"room.LAND-OF-LIVING-DEAD.LDESC"	"You have entered the Land of the Living Dead. Thousands of lost souls\ncan be heard weeping and moaning. In the corner are stacked the remains\nof dozens of previous adventurers less fortunate than yourself.\nA passage exits to the north."	"You have entered the Land of the Living Dead. Thousands of lost souls\ncan be heard weeping and moaning. In the corner are stacked the remains\nof dozens of previous adventurers less fortunate than yourself.\nA passage exits to the north."	"source"	"原文表示"	"1dungeon.zil"	"2043"	"LAND-OF-LIVING-DEAD"	"LDESC"
"room.LAND-OF-LIVING-DEAD.DESC"	"Land of the Dead"	"Land of the Dead"	"source"	"原文表示"	"1dungeon.zil"	"2047"	"LAND-OF-LIVING-DEAD"	"DESC"
"room.ENGRAVINGS-CAVE.LDESC"	"You have entered a low cave with passages leading northwest and east."	"You have entered a low cave with passages leading northwest and east."	"source"	"原文表示"	"1dungeon.zil"	"2060"	"ENGRAVINGS-CAVE"	"LDESC"
"room.ENGRAVINGS-CAVE.DESC"	"Engravings Cave"	"Engravings Cave"	"source"	"原文表示"	"1dungeon.zil"	"2061"	"ENGRAVINGS-CAVE"	"DESC"
"room.EGYPT-ROOM.LDESC"	"This is a room which looks like an Egyptian tomb. There is an\nascending staircase to the west."	"This is a room which looks like an Egyptian tomb. There is an\nascending staircase to the west."	"source"	"原文表示"	"1dungeon.zil"	"2069"	"EGYPT-ROOM"	"LDESC"
"room.EGYPT-ROOM.DESC"	"Egyptian Room"	"Egyptian Room"	"source"	"原文表示"	"1dungeon.zil"	"2071"	"EGYPT-ROOM"	"DESC"
"room.DOME-ROOM.DESC"	"Dome Room"	"Dome Room"	"source"	"原文表示"	"1dungeon.zil"	"2079"	"DOME-ROOM"	"DESC"
"room.DOME-ROOM.DOWN"	"You cannot go down without fracturing many bones."	"You cannot go down without fracturing many bones."	"source"	"原文表示"	"1dungeon.zil"	"2082"	"DOME-ROOM"	"DOWN"
"room.TORCH-ROOM.DESC"	"Torch Room"	"Torch Room"	"source"	"原文表示"	"1dungeon.zil"	"2089"	"TORCH-ROOM"	"DESC"
"room.TORCH-ROOM.UP"	"You cannot reach the rope."	"You cannot reach the rope."	"source"	"原文表示"	"1dungeon.zil"	"2090"	"TORCH-ROOM"	"UP"
"room.NORTH-TEMPLE.LDESC"	"This is the north end of a large temple. On the east wall is an\nancient inscription, probably a prayer in a long-forgotten language.\nBelow the prayer is a staircase leading down. The west wall is solid\ngranite. The exit to the north end of the room is through huge\nmarble pillars."	"This is the north end of a large temple. On the east wall is an\nancient inscription, probably a prayer in a long-forgotten language.\nBelow the prayer is a staircase leading down. The west wall is solid\ngranite. The exit to the north end of the room is through huge\nmarble pillars."	"source"	"原文表示"	"1dungeon.zil"	"2101"	"NORTH-TEMPLE"	"LDESC"
"room.NORTH-TEMPLE.DESC"	"Temple"	"Temple"	"source"	"原文表示"	"1dungeon.zil"	"2106"	"NORTH-TEMPLE"	"DESC"
"room.SOUTH-TEMPLE.LDESC"	"This is the south end of a large temple. In front of you is what\nappears to be an altar. In one corner is a small hole in the floor\nwhich leads into darkness. You probably could not get back up it."	"This is the south end of a large temple. In front of you is what\nappears to be an altar. In one corner is a small hole in the floor\nwhich leads into darkness. You probably could not get back up it."	"source"	"原文表示"	"1dungeon.zil"	"2120"	"SOUTH-TEMPLE"	"LDESC"
"room.SOUTH-TEMPLE.DESC"	"Altar"	"Altar"	"source"	"原文表示"	"1dungeon.zil"	"2123"	"SOUTH-TEMPLE"	"DESC"
"room.SOUTH-TEMPLE.DOWN"	"You haven't a prayer of getting the coffin down there."	"You haven't a prayer of getting the coffin down there."	"source"	"原文表示"	"1dungeon.zil"	"2127"	"SOUTH-TEMPLE"	"DOWN"
"room.DAM-ROOM.DESC"	"Dam"	"Dam"	"source"	"原文表示"	"1dungeon.zil"	"2137"	"DAM-ROOM"	"DESC"
"room.DAM-LOBBY.LDESC"	"This room appears to have been the waiting room for groups touring\nthe dam. There are open doorways here to the north and east marked\n""Private"", and there is a path leading south over the top of the dam."	"This room appears to have been the waiting room for groups touring\nthe dam. There are open doorways here to the north and east marked\n""Private"", and there is a path leading south over the top of the dam."	"source"	"原文表示"	"1dungeon.zil"	"2150"	"DAM-LOBBY"	"LDESC"
"room.DAM-LOBBY.DESC"	"Dam Lobby"	"Dam Lobby"	"source"	"原文表示"	"1dungeon.zil"	"2153"	"DAM-LOBBY"	"DESC"
"room.MAINTENANCE-ROOM.LDESC"	"This is what appears to have been the maintenance room for Flood\nControl Dam #3. Apparently, this room has been ransacked recently, for\nmost of the valuable equipment is gone. On the wall in front of you is a\ngroup of buttons colored blue, yellow, brown, and red. There are doorways to\nthe west and south."	"This is what appears to have been the maintenance room for Flood\nControl Dam #3. Apparently, this room has been ransacked recently, for\nmost of the valuable equipment is gone. On the wall in front of you is a\ngroup of buttons colored blue, yellow, brown, and red. There are doorways to\nthe west and south."	"source"	"原文表示"	"1dungeon.zil"	"2162"	"MAINTENANCE-ROOM"	"LDESC"
"room.MAINTENANCE-ROOM.DESC"	"Maintenance Room"	"Maintenance Room"	"source"	"原文表示"	"1dungeon.zil"	"2167"	"MAINTENANCE-ROOM"	"DESC"
"room.DAM-BASE.LDESC"	"You are at the base of Flood Control Dam #3, which looms above you\nand to the north. The river Frigid is flowing by here. Along the\nriver are the White Cliffs which seem to form giant walls stretching\nfrom north to south along the shores of the river as it winds its\nway downstream."	"You are at the base of Flood Control Dam #3, which looms above you\nand to the north. The river Frigid is flowing by here. Along the\nriver are the White Cliffs which seem to form giant walls stretching\nfrom north to south along the shores of the river as it winds its\nway downstream."	"source"	"原文表示"	"1dungeon.zil"	"2179"	"DAM-BASE"	"LDESC"
"room.DAM-BASE.DESC"	"Dam Base"	"Dam Base"	"source"	"原文表示"	"1dungeon.zil"	"2184"	"DAM-BASE"	"DESC"
"room.RIVER-1.LDESC"	"You are on the Frigid River in the vicinity of the Dam. The river\nflows quietly here. There is a landing on the west shore."	"You are on the Frigid River in the vicinity of the Dam. The river\nflows quietly here. There is a landing on the west shore."	"source"	"原文表示"	"1dungeon.zil"	"2193"	"RIVER-1"	"LDESC"
"room.RIVER-1.DESC"	"Frigid River"	"Frigid River"	"source"	"原文表示"	"1dungeon.zil"	"2195"	"RIVER-1"	"DESC"
"room.RIVER-1.UP"	"You cannot go upstream due to strong currents."	"You cannot go upstream due to strong currents."	"source"	"原文表示"	"1dungeon.zil"	"2196"	"RIVER-1"	"UP"
"room.RIVER-1.EAST"	"The White Cliffs prevent your landing here."	"The White Cliffs prevent your landing here."	"source"	"原文表示"	"1dungeon.zil"	"2200"	"RIVER-1"	"EAST"
"room.RIVER-2.LDESC"	"The river turns a corner here making it impossible to see the\nDam. The White Cliffs loom on the east bank and large rocks prevent\nlanding on the west."	"The river turns a corner here making it impossible to see the\nDam. The White Cliffs loom on the east bank and large rocks prevent\nlanding on the west."	"source"	"原文表示"	"1dungeon.zil"	"2207"	"RIVER-2"	"LDESC"
"room.RIVER-2.DESC"	"Frigid River"	"Frigid River"	"source"	"原文表示"	"1dungeon.zil"	"2210"	"RIVER-2"	"DESC"
"room.RIVER-2.UP"	"You cannot go upstream due to strong currents."	"You cannot go upstream due to strong currents."	"source"	"原文表示"	"1dungeon.zil"	"2211"	"RIVER-2"	"UP"
"room.RIVER-2.LAND"	"There is no safe landing spot here."	"There is no safe landing spot here."	"source"	"原文表示"	"1dungeon.zil"	"2213"	"RIVER-2"	"LAND"
"room.RIVER-2.EAST"	"The White Cliffs prevent your landing here."	"The White Cliffs prevent your landing here."	"source"	"原文表示"	"1dungeon.zil"	"2214"	"RIVER-2"	"EAST"
"room.RIVER-2.WEST"	"Just in time you steer away from the rocks."	"Just in time you steer away from the rocks."	"source"	"原文表示"	"1dungeon.zil"	"2215"	"RIVER-2"	"WEST"
"room.RIVER-3.LDESC"	"The river descends here into a valley. There is a narrow beach on the\nwest shore below the cliffs. In the distance a faint rumbling can be\nheard."	"The river descends here into a valley. There is a narrow beach on the\nwest shore below the cliffs. In the distance a faint rumbling can be\nheard."	"source"	"原文表示"	"1dungeon.zil"	"2222"	"RIVER-3"	"LDESC"
"room.RIVER-3.DESC"	"Frigid River"	"Frigid River"	"source"	"原文表示"	"1dungeon.zil"	"2225"	"RIVER-3"	"DESC"
"room.RIVER-3.UP"	"You cannot go upstream due to strong currents."	"You cannot go upstream due to strong currents."	"source"	"原文表示"	"1dungeon.zil"	"2226"	"RIVER-3"	"UP"
"room.WHITE-CLIFFS-NORTH.LDESC"	"You are on a narrow strip of beach which runs along the base of the\nWhite Cliffs. There is a narrow path heading south along the Cliffs\nand a tight passage leading west into the cliffs themselves."	"You are on a narrow strip of beach which runs along the base of the\nWhite Cliffs. There is a narrow path heading south along the Cliffs\nand a tight passage leading west into the cliffs themselves."	"source"	"原文表示"	"1dungeon.zil"	"2236"	"WHITE-CLIFFS-NORTH"	"LDESC"
"room.WHITE-CLIFFS-NORTH.DESC"	"White Cliffs Beach"	"White Cliffs Beach"	"source"	"原文表示"	"1dungeon.zil"	"2239"	"WHITE-CLIFFS-NORTH"	"DESC"
"room.WHITE-CLIFFS-NORTH.SOUTH"	"The path is too narrow."	"The path is too narrow."	"source"	"原文表示"	"1dungeon.zil"	"2240"	"WHITE-CLIFFS-NORTH"	"SOUTH"
"room.WHITE-CLIFFS-NORTH.WEST"	"The path is too narrow."	"The path is too narrow."	"source"	"原文表示"	"1dungeon.zil"	"2241"	"WHITE-CLIFFS-NORTH"	"WEST"
"room.WHITE-CLIFFS-SOUTH.LDESC"	"You are on a rocky, narrow strip of beach beside the Cliffs. A\nnarrow path leads north along the shore."	"You are on a rocky, narrow strip of beach beside the Cliffs. A\nnarrow path leads north along the shore."	"source"	"原文表示"	"1dungeon.zil"	"2249"	"WHITE-CLIFFS-SOUTH"	"LDESC"
"room.WHITE-CLIFFS-SOUTH.DESC"	"White Cliffs Beach"	"White Cliffs Beach"	"source"	"原文表示"	"1dungeon.zil"	"2251"	"WHITE-CLIFFS-SOUTH"	"DESC"
"room.WHITE-CLIFFS-SOUTH.NORTH"	"The path is too narrow."	"The path is too narrow."	"source"	"原文表示"	"1dungeon.zil"	"2253"	"WHITE-CLIFFS-SOUTH"	"NORTH"
"room.RIVER-4.LDESC"	"The river is running faster here and the sound ahead appears to be\nthat of rushing water. On the east shore is a sandy beach. A small\narea of beach can also be seen below the cliffs on the west shore."	"The river is running faster here and the sound ahead appears to be\nthat of rushing water. On the east shore is a sandy beach. A small\narea of beach can also be seen below the cliffs on the west shore."	"source"	"原文表示"	"1dungeon.zil"	"2261"	"RIVER-4"	"LDESC"
"room.RIVER-4.DESC"	"Frigid River"	"Frigid River"	"source"	"原文表示"	"1dungeon.zil"	"2264"	"RIVER-4"	"DESC"
"room.RIVER-4.UP"	"You cannot go upstream due to strong currents."	"You cannot go upstream due to strong currents."	"source"	"原文表示"	"1dungeon.zil"	"2265"	"RIVER-4"	"UP"
"room.RIVER-4.LAND"	"You can land either to the east or the west."	"You can land either to the east or the west."	"source"	"原文表示"	"1dungeon.zil"	"2267"	"RIVER-4"	"LAND"
"room.RIVER-5.LDESC"	"The sound of rushing water is nearly unbearable here. On the east\nshore is a large landing area."	"The sound of rushing water is nearly unbearable here. On the east\nshore is a large landing area."	"source"	"原文表示"	"1dungeon.zil"	"2277"	"RIVER-5"	"LDESC"
"room.RIVER-5.DESC"	"Frigid River"	"Frigid River"	"source"	"原文表示"	"1dungeon.zil"	"2279"	"RIVER-5"	"DESC"
"room.RIVER-5.UP"	"You cannot go upstream due to strong currents."	"You cannot go upstream due to strong currents."	"source"	"原文表示"	"1dungeon.zil"	"2280"	"RIVER-5"	"UP"
"room.SHORE.LDESC"	"You are on the east shore of the river. The water here seems somewhat\ntreacherous. A path travels from north to south here, the south end\nquickly turning around a sharp corner."	"You are on the east shore of the river. The water here seems somewhat\ntreacherous. A path travels from north to south here, the south end\nquickly turning around a sharp corner."	"source"	"原文表示"	"1dungeon.zil"	"2289"	"SHORE"	"LDESC"
"room.SHORE.DESC"	"Shore"	"Shore"	"source"	"原文表示"	"1dungeon.zil"	"2292"	"SHORE"	"DESC"
"room.SANDY-BEACH.LDESC"	"You are on a large sandy beach on the east shore of the river, which is\nflowing quickly by. A path runs beside the river to the south here, and\na passage is partially buried in sand to the northeast."	"You are on a large sandy beach on the east shore of the river, which is\nflowing quickly by. A path runs beside the river to the south here, and\na passage is partially buried in sand to the northeast."	"source"	"原文表示"	"1dungeon.zil"	"2302"	"SANDY-BEACH"	"LDESC"
"room.SANDY-BEACH.DESC"	"Sandy Beach"	"Sandy Beach"	"source"	"原文表示"	"1dungeon.zil"	"2305"	"SANDY-BEACH"	"DESC"
"room.SANDY-CAVE.LDESC"	"This is a sand-filled cave whose exit is to the southwest."	"This is a sand-filled cave whose exit is to the southwest."	"source"	"原文表示"	"1dungeon.zil"	"2314"	"SANDY-CAVE"	"LDESC"
"room.SANDY-CAVE.DESC"	"Sandy Cave"	"Sandy Cave"	"source"	"原文表示"	"1dungeon.zil"	"2315"	"SANDY-CAVE"	"DESC"
"room.ARAGAIN-FALLS.DESC"	"Aragain Falls"	"Aragain Falls"	"source"	"原文表示"	"1dungeon.zil"	"2321"	"ARAGAIN-FALLS"	"DESC"
"room.ARAGAIN-FALLS.DOWN"	"It's a long way..."	"It's a long way..."	"source"	"原文表示"	"1dungeon.zil"	"2323"	"ARAGAIN-FALLS"	"DOWN"
"room.ON-RAINBOW.LDESC"	"You are on top of a rainbow (I bet you never thought you would walk\non a rainbow), with a magnificent view of the Falls. The rainbow\ntravels east-west here."	"You are on top of a rainbow (I bet you never thought you would walk\non a rainbow), with a magnificent view of the Falls. The rainbow\ntravels east-west here."	"source"	"原文表示"	"1dungeon.zil"	"2333"	"ON-RAINBOW"	"LDESC"
"room.ON-RAINBOW.DESC"	"On the Rainbow"	"On the Rainbow"	"source"	"原文表示"	"1dungeon.zil"	"2336"	"ON-RAINBOW"	"DESC"
"room.END-OF-RAINBOW.LDESC"	"You are on a small, rocky beach on the continuation of the Frigid\nRiver past the Falls. The beach is narrow due to the presence of the\nWhite Cliffs. The river canyon opens here and sunlight shines in\nfrom above. A rainbow crosses over the falls to the east and a narrow\npath continues to the southwest."	"You are on a small, rocky beach on the continuation of the Frigid\nRiver past the Falls. The beach is narrow due to the presence of the\nWhite Cliffs. The river canyon opens here and sunlight shines in\nfrom above. A rainbow crosses over the falls to the east and a narrow\npath continues to the southwest."	"source"	"原文表示"	"1dungeon.zil"	"2345"	"END-OF-RAINBOW"	"LDESC"
"room.END-OF-RAINBOW.DESC"	"End of Rainbow"	"End of Rainbow"	"source"	"原文表示"	"1dungeon.zil"	"2350"	"END-OF-RAINBOW"	"DESC"
"room.CANYON-BOTTOM.LDESC"	"You are beneath the walls of the river canyon which may be climbable\nhere. The lesser part of the runoff of Aragain Falls flows by below.\nTo the north is a narrow path."	"You are beneath the walls of the river canyon which may be climbable\nhere. The lesser part of the runoff of Aragain Falls flows by below.\nTo the north is a narrow path."	"source"	"原文表示"	"1dungeon.zil"	"2361"	"CANYON-BOTTOM"	"LDESC"
"room.CANYON-BOTTOM.DESC"	"Canyon Bottom"	"Canyon Bottom"	"source"	"原文表示"	"1dungeon.zil"	"2364"	"CANYON-BOTTOM"	"DESC"
"room.CLIFF-MIDDLE.LDESC"	"You are on a ledge about halfway up the wall of the river canyon.\nYou can see from here that the main flow from Aragain Falls twists\nalong a passage which it is impossible for you to enter. Below you is the\ncanyon bottom. Above you is more cliff, which appears\nclimbable."	"You are on a ledge about halfway up the wall of the river canyon.\nYou can see from here that the main flow from Aragain Falls twists\nalong a passage which it is impossible for you to enter. Below you is the\ncanyon bottom. Above you is more cliff, which appears\nclimbable."	"source"	"原文表示"	"1dungeon.zil"	"2373"	"CLIFF-MIDDLE"	"LDESC"
"room.CLIFF-MIDDLE.DESC"	"Rocky Ledge"	"Rocky Ledge"	"source"	"原文表示"	"1dungeon.zil"	"2378"	"CLIFF-MIDDLE"	"DESC"
"room.CANYON-VIEW.LDESC"	"You are at the top of the Great Canyon on its west wall. From here\nthere is a marvelous view of the canyon and parts of the Frigid River\nupstream. Across the canyon, the walls of the White Cliffs join the\nmighty ramparts of the Flathead Mountains to the east. Following the\nCanyon upstream to the north, Aragain Falls may be seen, complete with\nrainbow. The mighty Frigid River flows out from a great dark cavern. To\nthe west and south can be seen an immense forest, stretching for miles\naround. A path leads northwest. It is possible to climb down into\nthe canyon from here."	"You are at the top of the Great Canyon on its west wall. From here\nthere is a marvelous view of the canyon and parts of the Frigid River\nupstream. Across the canyon, the walls of the White Cliffs join the\nmighty ramparts of the Flathead Mountains to the east. Following the\nCanyon upstream to the north, Aragain Falls may be seen, complete with\nrainbow. The mighty Frigid River flows out from a great dark cavern. To\nthe west and south can be seen an immense forest, stretching for miles\naround. A path leads northwest. It is possible to climb down into\nthe canyon from here."	"source"	"原文表示"	"1dungeon.zil"	"2387"	"CANYON-VIEW"	"LDESC"
"room.CANYON-VIEW.DESC"	"Canyon View"	"Canyon View"	"source"	"原文表示"	"1dungeon.zil"	"2396"	"CANYON-VIEW"	"DESC"
"room.CANYON-VIEW.SOUTH"	"Storm-tossed trees block your way."	"Storm-tossed trees block your way."	"source"	"原文表示"	"1dungeon.zil"	"2401"	"CANYON-VIEW"	"SOUTH"
"room.MINE-ENTRANCE.LDESC"	"You are standing at the entrance of what might have been a coal mine.\nThe shaft enters the west wall, and there is another exit on the south\nend of the room."	"You are standing at the entrance of what might have been a coal mine.\nThe shaft enters the west wall, and there is another exit on the south\nend of the room."	"source"	"原文表示"	"1dungeon.zil"	"2422"	"MINE-ENTRANCE"	"LDESC"
"room.MINE-ENTRANCE.DESC"	"Mine Entrance"	"Mine Entrance"	"source"	"原文表示"	"1dungeon.zil"	"2425"	"MINE-ENTRANCE"	"DESC"
"room.SQUEEKY-ROOM.LDESC"	"You are in a small room. Strange squeaky sounds may be heard coming\nfrom the passage at the north end. You may also escape to the east."	"You are in a small room. Strange squeaky sounds may be heard coming\nfrom the passage at the north end. You may also escape to the east."	"source"	"原文表示"	"1dungeon.zil"	"2434"	"SQUEEKY-ROOM"	"LDESC"
"room.SQUEEKY-ROOM.DESC"	"Squeaky Room"	"Squeaky Room"	"source"	"原文表示"	"1dungeon.zil"	"2436"	"SQUEEKY-ROOM"	"DESC"
"room.BAT-ROOM.DESC"	"Bat Room"	"Bat Room"	"source"	"原文表示"	"1dungeon.zil"	"2443"	"BAT-ROOM"	"DESC"
"room.SHAFT-ROOM.LDESC"	"This is a large room, in the middle of which is a small shaft\ndescending through the floor into darkness below. To the west and\nthe north are exits from this room. Constructed over the top of the\nshaft is a metal framework to which a heavy iron chain is attached."	"This is a large room, in the middle of which is a small shaft\ndescending through the floor into darkness below. To the west and\nthe north are exits from this room. Constructed over the top of the\nshaft is a metal framework to which a heavy iron chain is attached."	"source"	"原文表示"	"1dungeon.zil"	"2452"	"SHAFT-ROOM"	"LDESC"
"room.SHAFT-ROOM.DESC"	"Shaft Room"	"Shaft Room"	"source"	"原文表示"	"1dungeon.zil"	"2456"	"SHAFT-ROOM"	"DESC"
"room.SHAFT-ROOM.DOWN"	"You wouldn't fit and would die if you could."	"You wouldn't fit and would die if you could."	"source"	"原文表示"	"1dungeon.zil"	"2457"	"SHAFT-ROOM"	"DOWN"
"room.SMELLY-ROOM.LDESC"	"This is a small nondescript room. However, from the direction\nof a small descending staircase a foul odor can be detected. To the\nsouth is a narrow tunnel."	"This is a small nondescript room. However, from the direction\nof a small descending staircase a foul odor can be detected. To the\nsouth is a narrow tunnel."	"source"	"原文表示"	"1dungeon.zil"	"2466"	"SMELLY-ROOM"	"LDESC"
"room.SMELLY-ROOM.DESC"	"Smelly Room"	"Smelly Room"	"source"	"原文表示"	"1dungeon.zil"	"2469"	"SMELLY-ROOM"	"DESC"
"room.GAS-ROOM.LDESC"	"This is a small room which smells strongly of coal gas. There is a\nshort climb up some stairs and a narrow tunnel leading east."	"This is a small room which smells strongly of coal gas. There is a\nshort climb up some stairs and a narrow tunnel leading east."	"source"	"原文表示"	"1dungeon.zil"	"2479"	"GAS-ROOM"	"LDESC"
"room.GAS-ROOM.DESC"	"Gas Room"	"Gas Room"	"source"	"原文表示"	"1dungeon.zil"	"2481"	"GAS-ROOM"	"DESC"
"room.LADDER-TOP.LDESC"	"This is a very small room. In the corner is a rickety wooden\nladder, leading downward. It might be safe to descend. There is\nalso a staircase leading upward."	"This is a very small room. In the corner is a rickety wooden\nladder, leading downward. It might be safe to descend. There is\nalso a staircase leading upward."	"source"	"原文表示"	"1dungeon.zil"	"2492"	"LADDER-TOP"	"LDESC"
"room.LADDER-TOP.DESC"	"Ladder Top"	"Ladder Top"	"source"	"原文表示"	"1dungeon.zil"	"2495"	"LADDER-TOP"	"DESC"
"room.LADDER-BOTTOM.LDESC"	"This is a rather wide room. On one side is the bottom of a\nnarrow wooden ladder. To the west and the south are passages\nleaving the room."	"This is a rather wide room. On one side is the bottom of a\nnarrow wooden ladder. To the west and the south are passages\nleaving the room."	"source"	"原文表示"	"1dungeon.zil"	"2504"	"LADDER-BOTTOM"	"LDESC"
"room.LADDER-BOTTOM.DESC"	"Ladder Bottom"	"Ladder Bottom"	"source"	"原文表示"	"1dungeon.zil"	"2507"	"LADDER-BOTTOM"	"DESC"
"room.DEAD-END-5.DESC"	"Dead End"	"Dead End"	"source"	"原文表示"	"1dungeon.zil"	"2516"	"DEAD-END-5"	"DESC"
"room.DEAD-END-5.LDESC"	"You have come to a dead end in the mine."	"You have come to a dead end in the mine."	"source"	"原文表示"	"1dungeon.zil"	"2517"	"DEAD-END-5"	"LDESC"
"room.TIMBER-ROOM.LDESC"	"This is a long and narrow passage, which is cluttered with broken\ntimbers. A wide passage comes from the east and turns at the\nwest end of the room into a very narrow passageway. From the west\ncomes a strong draft."	"This is a long and narrow passage, which is cluttered with broken\ntimbers. A wide passage comes from the east and turns at the\nwest end of the room into a very narrow passageway. From the west\ncomes a strong draft."	"source"	"原文表示"	"1dungeon.zil"	"2524"	"TIMBER-ROOM"	"LDESC"
"room.TIMBER-ROOM.DESC"	"Timber Room"	"Timber Room"	"source"	"原文表示"	"1dungeon.zil"	"2528"	"TIMBER-ROOM"	"DESC"
"room.TIMBER-ROOM.WEST"	"You cannot fit through this passage with that load."	"You cannot fit through this passage with that load."	"source"	"原文表示"	"1dungeon.zil"	"2532"	"TIMBER-ROOM"	"WEST"
"room.LOWER-SHAFT.LDESC"	"This is a small drafty room in which is the bottom of a long\nshaft. To the south is a passageway and to the east a very narrow\npassage. In the shaft can be seen a heavy iron chain."	"This is a small drafty room in which is the bottom of a long\nshaft. To the south is a passageway and to the east a very narrow\npassage. In the shaft can be seen a heavy iron chain."	"source"	"原文表示"	"1dungeon.zil"	"2539"	"LOWER-SHAFT"	"LDESC"
"room.LOWER-SHAFT.DESC"	"Drafty Room"	"Drafty Room"	"source"	"原文表示"	"1dungeon.zil"	"2542"	"LOWER-SHAFT"	"DESC"
"room.LOWER-SHAFT.OUT"	"You cannot fit through this passage with that load."	"You cannot fit through this passage with that load."	"source"	"原文表示"	"1dungeon.zil"	"2546"	"LOWER-SHAFT"	"OUT"
"room.LOWER-SHAFT.EAST"	"You cannot fit through this passage with that load."	"You cannot fit through this passage with that load."	"source"	"原文表示"	"1dungeon.zil"	"2549"	"LOWER-SHAFT"	"EAST"
"room.MACHINE-ROOM.DESC"	"Machine Room"	"Machine Room"	"source"	"原文表示"	"1dungeon.zil"	"2556"	"MACHINE-ROOM"	"DESC"
"room.MINE-1.LDESC"	"This is a nondescript part of a coal mine."	"This is a nondescript part of a coal mine."	"source"	"原文表示"	"1dungeon.zil"	"2567"	"MINE-1"	"LDESC"
"room.MINE-1.DESC"	"Coal Mine"	"Coal Mine"	"source"	"原文表示"	"1dungeon.zil"	"2568"	"MINE-1"	"DESC"
"room.MINE-2.LDESC"	"This is a nondescript part of a coal mine."	"This is a nondescript part of a coal mine."	"source"	"原文表示"	"1dungeon.zil"	"2576"	"MINE-2"	"LDESC"
"room.MINE-2.DESC"	"Coal Mine"	"Coal Mine"	"source"	"原文表示"	"1dungeon.zil"	"2577"	"MINE-2"	"DESC"
"room.MINE-3.LDESC"	"This is a nondescript part of a coal mine."	"This is a nondescript part of a coal mine."	"source"	"原文表示"	"1dungeon.zil"	"2585"	"MINE-3"	"LDESC"
"room.MINE-3.DESC"	"Coal Mine"	"Coal Mine"	"source"	"原文表示"	"1dungeon.zil"	"2586"	"MINE-3"	"DESC"
"room.MINE-4.LDESC"	"This is a nondescript part of a coal mine."	"This is a nondescript part of a coal mine."	"source"	"原文表示"	"1dungeon.zil"	"2594"	"MINE-4"	"LDESC"
"room.MINE-4.DESC"	"Coal Mine"	"Coal Mine"	"source"	"原文表示"	"1dungeon.zil"	"2595"	"MINE-4"	"DESC"
"room.SLIDE-ROOM.LDESC"	"This is a small chamber, which appears to have been part of a\ncoal mine. On the south wall of the chamber the letters ""Granite\nWall"" are etched in the rock. To the east is a long passage, and\nthere is a steep metal slide twisting downward. To the north is\na small opening."	"This is a small chamber, which appears to have been part of a\ncoal mine. On the south wall of the chamber the letters ""Granite\nWall"" are etched in the rock. To the east is a long passage, and\nthere is a steep metal slide twisting downward. To the north is\na small opening."	"source"	"原文表示"	"1dungeon.zil"	"2604"	"SLIDE-ROOM"	"LDESC"
"room.SLIDE-ROOM.DESC"	"Slide Room"	"Slide Room"	"source"	"原文表示"	"1dungeon.zil"	"2609"	"SLIDE-ROOM"	"DESC"
