"key"	"value"	"notes"
"port.version"	"Windows port version {0}\n"	"Windows port 0.1.build number"
"status.line"	"\n[{0}  Score {1}  Moves {2}]\n"	"location, score and moves"
"catalog.report"	"Output strings: {0}\nInput words: {1}\nAmbiguous source strings: {2}"	"catalog summary"
"smoke.commands"	"look\nopen mailbox\ntake leaflet\nread leaflet\nnorth\neast\nopen window\nenter\nlook\nwest\nlook\ntake lamp\nlight lamp\ninventory\nquit\nyes"	"automated play commands"
"smoke.expected"	"West of House\nmailbox\nleaflet\nKitchen\nLiving Room\nlantern"	"required automated play output"
"character.33"	"!"	"single-character exclamation mark"
"character.44"	","	"single-character comma"
"character.46"	"."	"single-character period"
"character.63"	"?"	"single-character question mark"
