id	japanese	status	notes
"object.BOARD.DESC"	"板"	"draft"	"手動補正"
"object.TEETH.DESC"	"歯"	"draft"	"手動補正"
"object.WALL.DESC"	"周囲の壁"	"machine-draft"	"機械初訳・要確認"
"object.GRANITE-WALL.DESC"	"花崗岩の壁"	"machine-draft"	"機械初訳・要確認"
"object.SONGBIRD.DESC"	"鳴き鳥"	"machine-draft"	"機械初訳・要確認"
"object.WHITE-HOUSE.DESC"	"白い家"	"draft"	"手動補正"
"object.FOREST.DESC"	"森"	"machine-draft"	"機械初訳・要確認"
"object.TREE.DESC"	"木"	"machine-draft"	"機械初訳・要確認"
"object.MOUNTAIN-RANGE.DESC"	"山脈"	"machine-draft"	"機械初訳・要確認"
"object.GLOBAL-WATER.DESC"	"水"	"machine-draft"	"機械初訳・要確認"
"object.WATER.DESC"	"水"	"draft"	"手動補正"
"object.KITCHEN-WINDOW.DESC"	"台所の窓"	"draft"	"手動補正"
"object.CHIMNEY.DESC"	"煙突"	"machine-draft"	"機械初訳・要確認"
"object.GHOSTS.DESC"	"幽霊たち"	"draft"	"手動補正"
"object.SKULL.DESC"	"水晶の頭蓋骨"	"draft"	"手動補正"
"object.SKULL.FDESC"	"部屋の片隅に、美しく彫刻された水晶の頭蓋骨が転がっている。ひどく意地悪そうな笑みを浮かべている。"	"draft"	"手動補正"
"object.LOWERED-BASKET.LDESC"	"鎖からはバスケットが吊り下げられています。"	"machine-draft"	"機械初訳・要確認"
"object.LOWERED-BASKET.DESC"	"バスケット"	"machine-draft"	"機械初訳・要確認"
"object.RAISED-BASKET.DESC"	"バスケット"	"machine-draft"	"機械初訳・要確認"
"object.RAISED-BASKET.LDESC"	"チェーンの先にはバスケットがついています。"	"machine-draft"	"機械初訳・要確認"
"object.LUNCH.DESC"	"昼食"	"machine-draft"	"機械初訳・要確認"
"object.LUNCH.LDESC"	"唐辛子入りサンドイッチがある。"	"draft"	"手動補正"
"object.BAT.DESC"	"コウモリ"	"machine-draft"	"機械初訳・要確認"
"object.BELL.DESC"	"真鍮の鐘"	"machine-draft"	"機械初訳・要確認"
"object.HOT-BELL.DESC"	"真っ赤に焼けた真鍮の鐘"	"draft"	"手動補正"
"object.HOT-BELL.LDESC"	"地面には真っ赤に焼けた鐘があります。"	"machine-draft"	"機械初訳・要確認"
"object.AXE.DESC"	"血まみれの斧"	"machine-draft"	"機械初訳・要確認"
"object.BOLT.DESC"	"ボルト"	"machine-draft"	"機械初訳・要確認"
"object.BUBBLE.DESC"	"緑の泡"	"machine-draft"	"機械初訳・要確認"
"object.ALTAR.DESC"	"祭壇"	"machine-draft"	"機械初訳・要確認"
"object.BOOK.DESC"	"黒い本"	"draft"	"手動補正"
"object.BOOK.FDESC"	"祭壇の上に、569ページを開いた大きな黒い本がある。"	"draft"	"手動補正"
"object.BOOK.TEXT"	"戒め #12592|\n|\nああ、それぞれに「こんにちは、船員」と言い続ける人たちよ:|\n神々の前で自分の罪の大きさを知っていますか?|\nそうだ、まさに、汝は二つの石の間にすりつぶされるであろう。|\n怒れる神々はあなたの体を渦の中に投げ込むでしょうか?|\nきっとあなたの目は鋭い棒で打ち抜かれるでしょう!|\n地の果てまで、あなたはさまようだろう。\nあなたはついに死者の国に送られるでしょう。|\n汝は必ず汝の狡猾さを悔い改めるであろう。"	"machine-draft"	"機械初訳・要確認"
"object.BROKEN-LAMP.DESC"	"壊れたランタン"	"machine-draft"	"機械初訳・要確認"
"object.SCEPTRE.DESC"	"王笏"	"draft"	"手動補正"
"object.SCEPTRE.LDESC"	"先が尖った装飾が施された笏がここにあります。"	"machine-draft"	"機械初訳・要確認"
"object.SCEPTRE.FDESC"	"古代エジプトのものと思われる王笏が棺の中にある。色鮮やかなエナメルで装飾され、先端は鋭く尖っている。"	"draft"	"手動補正"
"object.TIMBERS.DESC"	"折れた坑木"	"draft"	"手動補正"
"object.SLIDE.DESC"	"斜坑"	"draft"	"手動補正"
"object.KITCHEN-TABLE.DESC"	"キッチンテーブル"	"machine-draft"	"機械初訳・要確認"
"object.ATTIC-TABLE.DESC"	"テーブル"	"machine-draft"	"機械初訳・要確認"
"object.SANDWICH-BAG.DESC"	"茶色の袋"	"machine-draft"	"機械初訳・要確認"
"object.SANDWICH-BAG.FDESC"	"テーブルの上には、唐辛子の匂いがする細長い茶色の袋があります。"	"machine-draft"	"機械初訳・要確認"
"object.TOOL-CHEST.DESC"	"一群の工具箱"	"draft"	"手動補正"
"object.YELLOW-BUTTON.DESC"	"黄色のボタン"	"machine-draft"	"機械初訳・要確認"
"object.BROWN-BUTTON.DESC"	"茶色のボタン"	"machine-draft"	"機械初訳・要確認"
"object.RED-BUTTON.DESC"	"赤いボタン"	"machine-draft"	"機械初訳・要確認"
"object.BLUE-BUTTON.DESC"	"青いボタン"	"machine-draft"	"機械初訳・要確認"
"object.TROPHY-CASE.DESC"	"戦利品の飾り棚"	"draft"	"手動補正"
"object.RUG.DESC"	"カーペット"	"machine-draft"	"機械初訳・要確認"
"object.CHALICE.DESC"	"聖杯"	"machine-draft"	"機械初訳・要確認"
"object.CHALICE.LDESC"	"ここには、複雑な彫刻が施された銀の聖杯があります。"	"machine-draft"	"機械初訳・要確認"
"object.GARLIC.DESC"	"ニンニク一片"	"draft"	"手動補正"
"object.TRIDENT.DESC"	"水晶の三叉槍"	"draft"	"手動補正"
"object.TRIDENT.FDESC"	"岸辺に、ポセイドンが使っていたかのような水晶の三叉槍が横たわっている。"	"draft"	"手動補正"
"object.CYCLOPS.DESC"	"サイクロプス"	"machine-draft"	"機械初訳・要確認"
"object.DAM.DESC"	"ダム"	"machine-draft"	"機械初訳・要確認"
"object.TRAP-DOOR.DESC"	"落とし戸"	"draft"	"手動補正"
"object.BOARDED-WINDOW.DESC"	"板張りの窓"	"machine-draft"	"機械初訳・要確認"
"object.FRONT-DOOR.DESC"	"ドア"	"machine-draft"	"機械初訳・要確認"
"object.BARROW-DOOR.DESC"	"石の扉"	"machine-draft"	"機械初訳・要確認"
"object.BARROW.DESC"	"石塚"	"draft"	"手動補正"
"object.BOTTLE.DESC"	"ガラス瓶"	"machine-draft"	"機械初訳・要確認"
"object.BOTTLE.FDESC"	"ボトルがテーブルの上に置かれています。"	"machine-draft"	"機械初訳・要確認"
"object.CRACK.DESC"	"ひび割れ"	"machine-draft"	"機械初訳・要確認"
"object.COFFIN.DESC"	"金の棺"	"machine-draft"	"機械初訳・要確認"
"object.COFFIN.LDESC"	"ラムセス2世の埋葬に使用された純金の棺がここにあります。"	"machine-draft"	"機械初訳・要確認"
"object.GRATE.DESC"	"鉄格子"	"draft"	"手動補正"
"object.PUMP.DESC"	"手持ち式エアポンプ"	"machine-draft"	"機械初訳・要確認"
"object.DIAMOND.DESC"	"巨大なダイヤモンド"	"machine-draft"	"機械初訳・要確認"
"object.DIAMOND.LDESC"	"ここには巨大な（完璧にカットされた）ダイヤモンドがあります。"	"machine-draft"	"機械初訳・要確認"
"object.JADE.DESC"	"翡翠の置物"	"machine-draft"	"機械初訳・要確認"
"object.JADE.LDESC"	"ここには見事な翡翠の置物があります。"	"machine-draft"	"機械初訳・要確認"
"object.KNIFE.DESC"	"不気味なナイフ"	"draft"	"手動補正"
"object.KNIFE.FDESC"	"テーブルの上には不気味なナイフが置かれています。"	"machine-draft"	"機械初訳・要確認"
"object.BONES.DESC"	"骸骨"	"draft"	"手動補正"
"object.BURNED-OUT-LANTERN.DESC"	"燃え尽きたランタン"	"machine-draft"	"機械初訳・要確認"
"object.BURNED-OUT-LANTERN.FDESC"	"亡くなった冒険者の、もう使えないランタンがある。"	"draft"	"手動補正"
"object.BAG-OF-COINS.DESC"	"硬貨の詰まった革袋"	"draft"	"手動補正"
"object.BAG-OF-COINS.LDESC"	"小銭が入って膨らんだ古い革のバッグがここにあります。"	"machine-draft"	"機械初訳・要確認"
"object.LAMP.DESC"	"真鍮のランタン"	"machine-draft"	"機械初訳・要確認"
"object.LAMP.FDESC"	"戦利品の飾り棚の上に、電池式の真鍮製ランタンがある。"	"draft"	"手動補正"
"object.LAMP.LDESC"	"ここには真鍮製のランタン（電池式）があります。"	"machine-draft"	"機械初訳・要確認"
"object.EMERALD.DESC"	"大きなエメラルド"	"machine-draft"	"機械初訳・要確認"
"object.ADVERTISEMENT.DESC"	"案内状"	"draft"	"手動補正"
"object.ADVERTISEMENT.LDESC"	"小さなチラシが地面に落ちています。"	"machine-draft"	"機械初訳・要確認"
"object.ADVERTISEMENT.TEXT"	"""ゾークへようこそ!|\n|\nZORK は冒険、危険、そして狡猾さが特徴のゲームです。その中であなたは\n定命の者がこれまで見た中で最も驚くべき領域のいくつかを探索することになります。\nコンピューターなしではいけないのです！」"	"machine-draft"	"機械初訳・要確認"
"object.LEAK.DESC"	"漏れ"	"machine-draft"	"機械初訳・要確認"
"object.MACHINE.DESC"	"機械"	"machine-draft"	"機械初訳・要確認"
"object.INFLATED-BOAT.DESC"	"魔法の船"	"machine-draft"	"機械初訳・要確認"
"object.MAILBOX.DESC"	"小さなメールボックス"	"machine-draft"	"機械初訳・要確認"
"object.MATCH.DESC"	"マッチ箱"	"draft"	"手動補正"
"object.MATCH.LDESC"	"ここには表紙に「Visit Beautiful FCD#3」と書かれたマッチ箱があります。"	"machine-draft"	"機械初訳・要確認"
"object.MATCH.TEXT"	"|\n(叩く前にカバーを閉めてください)|\n|\nあなたもペーパーシャッフルというエキサイティングな分野で大金を稼ぐことができます!|\n|\nマサチューセッツ州マドルのアンダーソン氏は次のように述べています。「このコースを受講する前は、\n卑劣なちょっとしたひねくれ者だった。 GUE Tech で学んだことを活かして\n私は本当に重要だと感じているので、最善のことをわかりにくくしたり、混乱させたりすることがあります。」\n|\nブランク博士は次のように述べています。「10日前までは、私が見ることができたのはすべてでした」\n医師としての行き止まりの仕事だった。今、私には約束があります\n将来、本当に大きなゾークミドを作りましょう。」\n|\nGUE Tech は、こ​​のような素晴らしい結果をすべての人に約束することはできません。しかし、いつ\nGUE Tech で学位を取得すれば、あなたの未来はより明るくなるでしょう。"	"machine-draft"	"機械初訳・要確認"
"object.MIRROR-2.DESC"	"鏡"	"machine-draft"	"機械初訳・要確認"
"object.MIRROR-1.DESC"	"鏡"	"machine-draft"	"機械初訳・要確認"
"object.PAINTING.DESC"	"絵画"	"draft"	"手動補正"
"object.PAINTING.FDESC"	"幸い、破壊者にもまだ手の届く宝が一つある。奥の壁に、比類ない美しさの絵画が掛かっている。"	"draft"	"手動補正"
"object.PAINTING.LDESC"	"無視された天才による絵画がここにあります。"	"machine-draft"	"機械初訳・要確認"
"object.CANDLES.DESC"	"一対のろうそく"	"draft"	"手動補正"
"object.CANDLES.FDESC"	"祭壇の両端にはろうそくが燃えています。"	"machine-draft"	"機械初訳・要確認"
"object.GUNK.DESC"	"ガラス状の鉱滓"	"draft"	"手動補正"
"object.BODIES.DESC"	"死体の山"	"machine-draft"	"機械初訳・要確認"
"object.LEAVES.DESC"	"落ち葉の山"	"machine-draft"	"機械初訳・要確認"
"object.LEAVES.LDESC"	"地面には落ち葉が山積みになっています。"	"machine-draft"	"機械初訳・要確認"
"object.PUNCTURED-BOAT.DESC"	"穴の開いたボート"	"draft"	"手動補正"
"object.INFLATABLE-BOAT.DESC"	"折り畳まれたプラスチック"	"draft"	"手動補正"
"object.INFLATABLE-BOAT.LDESC"	"ここには小さなバルブが付いた折り畳まれたプラスチックの山があります\n添付されています。"	"machine-draft"	"機械初訳・要確認"
"object.BAR.DESC"	"プラチナの延べ棒"	"draft"	"手動補正"
"object.BAR.LDESC"	"地面には大きなプラチナの棒があります。"	"machine-draft"	"機械初訳・要確認"
"object.POT-OF-GOLD.DESC"	"金貨の壺"	"draft"	"手動補正"
"object.POT-OF-GOLD.FDESC"	"虹の先には金の壺があります。"	"machine-draft"	"機械初訳・要確認"
"object.PRAYER.DESC"	"祈り"	"machine-draft"	"機械初訳・要確認"
"object.PRAYER.TEXT"	"祈りは、今ではほとんど使われない古代文字で刻まれている。内容は、小さな虫、うっかり忘れること、小物を拾ったり落としたりすることを激しく非難するものらしい。最後の節では、侵入者を死者の国へ送るとある。あらゆる証拠から見て、古代ゾーカー人の信仰は難解だったようだ。"	"draft"	"手動補正"
"object.RAILING.DESC"	"木製手すり"	"machine-draft"	"機械初訳・要確認"
"object.RAINBOW.DESC"	"虹"	"machine-draft"	"機械初訳・要確認"
"object.RIVER.DESC"	"川"	"machine-draft"	"機械初訳・要確認"
"object.BUOY.DESC"	"赤いブイ"	"machine-draft"	"機械初訳・要確認"
"object.BUOY.FDESC"	"ここに赤いブイがあります（おそらく警告）。"	"machine-draft"	"機械初訳・要確認"
"object.ROPE.DESC"	"ロープ"	"machine-draft"	"機械初訳・要確認"
"object.ROPE.FDESC"	"大きなロープのコイルが隅に横たわっています。"	"machine-draft"	"機械初訳・要確認"
"object.RUSTY-KNIFE.DESC"	"錆びたナイフ"	"machine-draft"	"機械初訳・要確認"
"object.RUSTY-KNIFE.FDESC"	"骸骨の横には錆びたナイフがあります。"	"machine-draft"	"機械初訳・要確認"
"object.SAND.DESC"	"砂"	"machine-draft"	"機械初訳・要確認"
"object.BRACELET.DESC"	"サファイアを散りばめたブレスレット"	"machine-draft"	"機械初訳・要確認"
"object.SCREWDRIVER.DESC"	"ドライバー"	"machine-draft"	"機械初訳・要確認"
"object.KEYS.DESC"	"万能鍵"	"draft"	"手動補正"
"object.SHOVEL.DESC"	"シャベル"	"machine-draft"	"機械初訳・要確認"
"object.COAL.DESC"	"小さな石炭の山"	"machine-draft"	"機械初訳・要確認"
"object.LADDER.DESC"	"木製のはしご"	"machine-draft"	"機械初訳・要確認"
"object.SCARAB.DESC"	"宝石をちりばめた美しいスカラベ像"	"draft"	"手動補正"
"object.LARGE-BAG.DESC"	"大きな袋"	"draft"	"手動補正"
"object.STILETTO.DESC"	"短剣"	"draft"	"手動補正"
"object.MACHINE-SWITCH.DESC"	"スイッチ"	"machine-draft"	"機械初訳・要確認"
"object.WOODEN-DOOR.DESC"	"木の扉"	"draft"	"手動補正"
"object.WOODEN-DOOR.TEXT"	"彫刻は「このスペースは意図的に空白のままにした」と訳します。"	"machine-draft"	"機械初訳・要確認"
"object.SWORD.DESC"	"剣"	"machine-draft"	"機械初訳・要確認"
"object.SWORD.FDESC"	"トロフィーケースの上には、古代のエルフの剣がぶら下がっています。"	"machine-draft"	"機械初訳・要確認"
"object.MAP.DESC"	"古代の地図"	"machine-draft"	"機械初訳・要確認"
"object.MAP.FDESC"	"トロフィーケースの中には地図と思われる古代の羊皮紙が入っている。"	"machine-draft"	"機械初訳・要確認"
"object.MAP.TEXT"	"地図には 3 つの開拓地がある森が示されています。最大のクリアリングには以下が含まれます\n家。広い空き地から3本の道が出る。これらの道の 1 つが、\n南西に「To Stone Barrow」と書かれています。"	"machine-draft"	"機械初訳・要確認"
"object.BOAT-LABEL.DESC"	"黄褐色のラベル"	"draft"	"手動補正"
"object.BOAT-LABEL.TEXT"	"!!!!FROBOZZ MAGIC BOAT COMPANY!!!!|\n|\nこんにちは、セーラー!|\n|\n使用説明書:|\n|\n   水域に入るには、「発射」と言います。|\n   岸に着くには、「Land」または希望する方向を言います\nボートを操縦する。|\n|\n保証:|\n|\n  このボートはすべての欠陥に対して 76 年間保証されています。\n購入日から、または最初に使用するまでのいずれか早い方のミリ秒。|\n|\n警告:|\n   このボートは薄いプラスチックでできています。|\n   幸運を！"	"machine-draft"	"機械初訳・要確認"
"object.THIEF.DESC"	"泥棒"	"machine-draft"	"機械初訳・要確認"
"object.THIEF.LDESC"	"大きな袋を抱えた怪しい男が、壁にもたれている。手には恐ろしい短剣を持っている。"	"draft"	"手動補正"
"object.PEDESTAL.DESC"	"台座"	"machine-draft"	"機械初訳・要確認"
"object.TORCH.DESC"	"たいまつ"	"machine-draft"	"機械初訳・要確認"
"object.TORCH.FDESC"	"台座の上で、象牙でできた松明が燃えている。"	"draft"	"手動補正"
"object.GUIDE.DESC"	"見学案内書"	"draft"	"手動補正"
"object.GUIDE.FDESC"	"受付机の上に『治水ダム第3号 見学案内』が何冊か置かれている。"	"draft"	"手動補正"
"object.GUIDE.TEXT"	"「治水ダム #3|\n|\nFCD#3 は、大地下帝国の 783 年に建設されました。\n雄大な極寒の川を利用します。この研究は、次の助成金によって支援されました。\n地元の全能の暴君ディムウィット卿からの 3,700 万人のゾークミッド\n過剰なフラットヘッド。この印象的な構造は、\n370,000立方フィートのコンクリート、中心部の高さは256フィート、高さは193フィートです。\n頂上では足幅が広い。ダムの背後にできた湖はボリュームがある\n17億立方フィート、面積1,200万平方フィート、\n36,000フィートの海岸線。|\n|\nFCD#3 の建設には、起工から建設まで 112 日かかりました。\n献身。それには 384 人の奴隷、34 人の奴隷の労働力が必要でした。\n運転手、エンジニア 12 名、キジバト 2 羽、梨の中のヤマウズラ 1 羽\n木。作業は2345人からなる指揮チームによって管理された。\n官僚、2347 人の秘書（うち少なくとも 2 人はタイプできる）、\n紙シャッフラー 12,256 台、ゴムスタンパー 52,469 台、赤テープ 245,193 台\nプロセッサー、そしてほぼ 100 万本の枯れ木。|\n|\n次に、より興味深い機能をいくつか紹介します。\nFCD#3 について施設のガイド付きツアーをご案内します。|\n|\n        1) ツアーはここダム ロビーから始まります。あなたは気づくでしょう\n右側にあるのは……"	"machine-draft"	"機械初訳・要確認"
"object.TROLL.DESC"	"トロール"	"draft"	"手動補正"
"object.TROLL.LDESC"	"血まみれの斧を振り回す不気味なトロールがすべての通路を塞いでいる\n部屋の外へ。"	"machine-draft"	"機械初訳・要確認"
"object.TRUNK.DESC"	"宝石の詰まった古びたトランク"	"draft"	"手動補正"
"object.TRUNK.FDESC"	"泥に半ば埋もれて、宝石で膨らんだ古いトランクが横たわっている。"	"draft"	"手動補正"
"object.TRUNK.LDESC"	"ここには古いトランクがあり、さまざまな宝石が詰まっています。"	"machine-draft"	"機械初訳・要確認"
"object.TUBE.DESC"	"チューブ"	"machine-draft"	"機械初訳・要確認"
"object.TUBE.LDESC"	"ここに歯磨き粉のチューブのような物体があります。"	"machine-draft"	"機械初訳・要確認"
"object.TUBE.TEXT"	"---> Frobozz Magic Gunk Company <---|\n\t  万能ガンク"	"machine-draft"	"機械初訳・要確認"
"object.PUTTY.DESC"	"粘つく物質"	"draft"	"手動補正"
"object.ENGRAVINGS.DESC"	"彫刻の刻まれた壁"	"draft"	"手動補正"
"object.ENGRAVINGS.LDESC"	"ここの壁には古い彫刻が残っています。"	"machine-draft"	"機械初訳・要確認"
"object.ENGRAVINGS.TEXT"	"彫刻は洞窟壁の生きた岩に刻まれました。\n未知の手。それらは、象徴的な形で、人々の信念を描いています。\n古代のゾーカー。浅浮き彫りを巧みに織り交ぜた抜粋\n当時の主要な宗教的教義を示しています。残念ながら、\n後の時代では、それらは冒涜的であり、同様に巧妙であると考えられていたようです\nそれらを切除した。"	"machine-draft"	"機械初訳・要確認"
"object.OWNERS-MANUAL.DESC"	"『ZORK』取扱説明書"	"draft"	"手動補正"
"object.OWNERS-MANUAL.FDESC"	"壁に小さな紙がゆるく貼られています。"	"machine-draft"	"機械初訳・要確認"
"object.OWNERS-MANUAL.TEXT"	"おめでとうございます!|\n|\nあなたは ZORK I: The Great Underground Empire の特権的所有者です。\n自己完結型かつ自己維持型の宇宙。使用および保守されている場合\n小宇宙の通常の運用慣行に従って、ZORK\n数か月間問題なく動作します。"	"machine-draft"	"機械初訳・要確認"
"object.CLIMBABLE-CLIFF.DESC"	"崖"	"machine-draft"	"機械初訳・要確認"
"object.WHITE-CLIFF.DESC"	"白い崖"	"machine-draft"	"機械初訳・要確認"
"object.WRENCH.DESC"	"レンチ"	"machine-draft"	"機械初訳・要確認"
"object.CONTROL-PANEL.DESC"	"コントロールパネル"	"machine-draft"	"機械初訳・要確認"
"object.NEST.DESC"	"鳥の巣"	"machine-draft"	"機械初訳・要確認"
"object.NEST.FDESC"	"あなたの隣の枝に小鳥の巣があります。"	"machine-draft"	"機械初訳・要確認"
"object.EGG.DESC"	"宝石をちりばめた卵"	"draft"	"手動補正"
"object.EGG.FDESC"	"鳥の巣の中には貴重な宝石が散りばめられた大きな卵があり、\n明らかに子供のいない鳴き鳥によってあさられたようです。卵が覆われています\n上質な金の象嵌が施され、ラピスラズリとマザーオブパールで装飾されています。\nほとんどの卵とは異なり、この卵はヒンジで開閉しており、見た目は繊細です。\n留め金。卵は非常に壊れやすいようです。"	"machine-draft"	"機械初訳・要確認"
"object.BROKEN-EGG.DESC"	"宝石で覆われた壊れた卵"	"machine-draft"	"機械初訳・要確認"
"object.BROKEN-EGG.LDESC"	"ここに少し傷んだ卵があります。"	"machine-draft"	"機械初訳・要確認"
"object.BAUBLE.DESC"	"美しい真鍮の飾り玉"	"draft"	"手動補正"
"object.CANARY.DESC"	"金のぜんまい仕掛けのカナリア"	"draft"	"手動補正"
"object.CANARY.FDESC"	"卵の中に金色の時計じかけのカナリアが寄り添っています。ルビーが付いています\n目と銀色のくちばし。左下のクリスタル窓から\n翼の中には複雑な機械が見えます。あるようです\n巻き下がって。"	"machine-draft"	"機械初訳・要確認"
"object.BROKEN-CANARY.DESC"	"壊れた時計じかけのカナリア"	"machine-draft"	"機械初訳・要確認"
"object.BROKEN-CANARY.FDESC"	"卵の中に金色の時計じかけのカナリアが寄り添っています。どうやら\n最近悪い経験をしました。宝石のような台紙\n目は虚ろで、銀色のくちばしはしわくちゃです。ひび割れを通して\n左翼の下のクリスタル窓からはその残骸が見えます\n複雑な機械。それがどのような結果をもたらすかは不明です\nゼンマイが動いているようです。"	"machine-draft"	"機械初訳・要確認"
"object.LOCAL-GLOBALS.FDESC"	"F"	"format"	"ZIL制御値を保持"
"object.LOCAL-GLOBALS.LDESC"	"F"	"format"	"ZIL制御値を保持"
"object.INTNUM.DESC"	"数字"	"draft"	"手動補正"
"object.PSEUDO-OBJECT.DESC"	"疑似"	"machine-draft"	"機械初訳・要確認"
"object.IT.DESC"	"それ"	"draft"	"手動補正"
"object.NOT-HERE-OBJECT.DESC"	"[ここにはいない]"	"machine-draft"	"機械初訳・要確認"
"object.BLESSINGS.DESC"	"祝福"	"machine-draft"	"機械初訳・要確認"
"object.STAIRS.DESC"	"階段"	"machine-draft"	"機械初訳・要確認"
"object.SAILOR.DESC"	"船員"	"machine-draft"	"機械初訳・要確認"
"object.GROUND.DESC"	"地面"	"machine-draft"	"機械初訳・要確認"
"object.GRUE.DESC"	"グルー"	"draft"	"手動補正"
"object.LUNGS.DESC"	"肺"	"draft"	"手動補正"
"object.ME.DESC"	"あなた"	"machine-draft"	"機械初訳・要確認"
"object.ADVENTURER.DESC"	"冒険者"	"draft"	"手動補正"
"object.PATHOBJ.DESC"	"通路"	"machine-draft"	"機械初訳・要確認"
"object.ZORKMID.DESC"	"ゾークミド"	"machine-draft"	"機械初訳・要確認"
"object.HANDS.DESC"	"両手"	"draft"	"手動補正"
